Timestamp,ax,ay,az,ForwardAccel,LateralAccel,HeaveAccel,ShockPot1,ShockPot2,BrakePressure,qw,qx,qy,qz
961578,0.00,0.00,0.00,0.00,0.00,0.00,0.67,0.61,-341.45,0.00,0.00,0.00,0.00
1006578,-0.09,-1.90,9.41,0.00,0.00,0.00,0.61,0.55,-341.45,0.00,0.00,0.00,0.00
1011578,-0.12,-1.86,9.37,0.00,0.00,0.00,0.61,0.55,-341.45,0.00,0.00,0.00,0.00
1116578,-0.12,-1.94,9.33,0.00,0.00,0.00,0.61,0.55,-341.45,0.15,-0.02,-0.10,0.98
1246578,-0.01,-1.90,9.52,0.06,-0.02,0.09,0.61,0.55,-341.45,0.15,-0.02,-0.09,0.98
1356578,-0.09,-1.86,9.44,-0.02,-0.02,-0.03,0.61,0.55,-341.45,0.15,-0.02,-0.09,0.98
1471578,-0.05,-1.86,9.41,-0.03,-0.02,0.04,0.61,0.55,-341.45,0.16,-0.02,-0.09,0.98
1601578,-0.09,-1.86,9.41,0.01,0.00,0.02,0.67,0.55,-341.45,0.16,-0.02,-0.09,0.98
1711578,-0.05,-1.79,9.52,0.00,0.04,-0.02,0.61,0.55,-341.45,0.16,-0.02,-0.09,0.98
1826578,-0.09,-1.82,9.33,0.00,0.04,-0.02,0.61,0.55,-341.45,0.16,-0.02,-0.09,0.98
1936578,-0.09,-1.79,9.44,-0.03,-0.02,-0.03,0.61,0.55,-341.45,0.16,-0.02,-0.09,0.98
2051578,-0.12,-1.71,9.41,-0.02,0.02,0.00,0.61,0.55,-341.45,0.16,-0.02,-0.09,0.98
2171578,-0.12,-1.71,9.41,-0.02,0.04,-0.03,0.67,0.55,-341.45,0.16,-0.02,-0.09,0.98
2286578,-0.12,-1.75,9.44,0.06,-0.02,0.04,0.61,0.55,-341.45,0.16,-0.02,-0.09,0.98
2401578,-0.12,-1.71,9.44,0.02,0.00,-0.01,0.61,0.55,-341.45,0.15,-0.02,-0.09,0.98
2516578,-0.12,-1.71,9.44,0.03,0.03,-0.01,0.61,0.55,-341.45,0.15,-0.02,-0.09,0.98
2631578,-0.16,-1.67,9.41,0.03,0.05,0.03,0.61,0.55,-343.79,0.15,-0.02,-0.09,0.98
2766578,-0.12,-1.63,9.48,-0.00,0.02,-0.02,0.61,0.55,-343.79,0.15,-0.02,-0.08,0.98
2876578,-0.16,-1.60,9.48,-0.03,0.01,-0.04,0.61,0.55,-341.45,0.15,-0.02,-0.08,0.98
2981578,-0.09,-1.48,9.52,-0.03,0.01,-0.04,0.61,0.55,-341.45,0.15,-0.02,-0.08,0.98
3096578,-0.35,-1.29,9.09,-0.03,-0.07,-0.45,0.61,0.55,-341.45,0.15,-0.03,-0.06,0.99
3201578,-0.05,-1.18,10.20,-0.03,-0.07,-0.45,0.61,0.55,-341.45,0.15,-0.02,-0.05,0.99
3321578,-0.12,-0.95,9.64,-0.06,-0.18,-0.01,0.61,0.49,-341.45,0.14,-0.01,-0.04,0.99
3451578,-0.12,-0.68,9.48,-0.02,-0.08,-0.10,0.61,0.55,-341.45,0.14,-0.01,-0.03,0.99
3571578,-0.12,-0.68,9.68,-0.05,-0.11,0.01,0.61,0.55,-341.45,0.14,-0.01,-0.03,0.99
3681578,-0.05,-0.75,9.63,0.00,0.04,0.01,0.61,0.55,-341.45,0.14,-0.01,-0.03,0.99
3812149,-0.05,-0.71,9.63,0.02,0.07,-0.03,0.61,0.55,-341.45,0.16,-0.01,-0.04,0.99
3921578,-0.05,-0.71,9.59,0.00,0.01,0.01,0.61,0.55,-341.45,0.16,-0.01,-0.04,0.99
4036578,-0.05,-0.71,9.59,0.03,0.04,0.02,0.61,0.49,-341.45,0.17,-0.01,-0.04,0.99
4146578,-0.05,-0.71,9.59,0.03,0.01,-0.02,0.61,0.55,-341.45,0.17,-0.01,-0.04,0.99
4251578,-0.01,-0.68,9.59,0.03,0.01,-0.02,0.61,0.55,-341.45,0.17,-0.01,-0.04,0.99
4366578,-0.01,-0.75,9.55,0.01,-0.00,0.05,0.61,0.55,-341.45,0.17,-0.01,-0.04,0.99
4476578,-0.05,-0.75,9.52,-0.02,0.04,0.02,0.61,0.55,-341.45,0.17,-0.01,-0.04,0.99
4591578,-0.05,-0.79,9.59,0.05,0.04,-0.02,0.61,0.55,-341.45,0.17,-0.01,-0.04,0.99
4711578,-0.05,-0.79,9.59,-0.03,0.00,0.05,0.61,0.55,-341.45,0.17,-0.01,-0.04,0.99
4821578,-0.01,-0.79,9.55,0.02,0.00,0.01,0.61,0.55,-341.45,0.17,-0.01,-0.04,0.99
4946578,-0.01,-0.75,9.60,0.02,0.06,-0.03,0.61,0.55,-343.79,0.16,-0.01,-0.04,0.99
5056578,-0.01,-0.79,9.55,0.05,-0.02,-0.10,0.61,0.55,-341.45,0.16,-0.01,-0.04,0.99
5171578,-0.05,-0.79,9.56,-0.03,-0.01,-0.02,0.61,0.61,-341.45,0.16,-0.01,-0.04,0.99
5291578,-0.05,-0.79,9.59,-0.03,0.04,-0.02,0.61,0.55,-341.45,0.16,-0.01,-0.04,0.99
5401578,-0.01,-0.79,9.55,0.01,-0.00,-0.02,0.61,0.55,-341.45,0.16,-0.01,-0.04,0.99
5516578,-0.01,-0.79,9.55,0.01,0.03,-0.01,0.61,0.55,-343.79,0.16,-0.01,-0.04,0.99
5632250,-0.01,-0.79,9.55,0.00,0.00,0.06,0.61,0.55,-341.45,0.16,-0.01,-0.04,0.99
5746578,0.03,-0.79,9.55,-0.04,-0.03,0.03,0.61,0.55,-341.45,0.16,-0.01,-0.04,0.99
5861578,-0.01,-0.83,9.56,-0.01,-0.02,0.06,0.61,0.55,-341.45,0.16,-0.01,-0.04,0.99
5971578,0.14,-0.95,9.79,-0.05,-0.05,0.02,0.61,0.55,-341.45,0.16,-0.01,-0.04,0.99
6081578,0.03,-0.87,9.56,-0.02,-0.04,-0.11,0.61,0.61,-341.45,0.16,-0.00,-0.05,0.99
6201578,0.18,-0.87,9.52,0.11,0.06,-0.06,0.61,0.55,-341.45,0.16,-0.00,-0.05,0.99
6326578,0.14,-0.95,9.60,-0.02,-0.02,-0.01,0.61,0.55,-341.45,0.16,-0.00,-0.05,0.99
6446578,0.18,-0.87,9.68,0.07,0.04,0.04,0.61,0.55,-341.45,0.16,-0.01,-0.05,0.98
6556578,0.07,-1.06,9.55,0.02,0.03,-0.02,0.61,0.55,-341.45,0.16,-0.01,-0.06,0.98
6696578,-0.01,-1.18,9.44,0.04,0.05,0.04,0.61,0.55,-341.45,0.17,-0.01,-0.07,0.98
6806578,0.26,-1.52,9.82,0.07,0.15,0.26,0.67,0.55,-341.45,0.17,-0.01,-0.09,0.98
6921578,0.03,-2.59,9.02,-0.06,-0.21,-0.24,0.61,0.55,-341.45,0.16,-0.01,-0.11,0.98
7036578,0.57,-1.98,9.44,0.32,0.51,0.38,0.61,0.55,-341.45,0.15,-0.01,-0.14,0.98
7166578,0.68,-3.01,9.41,-0.11,-0.11,-0.03,0.61,0.49,-341.45,0.14,-0.00,-0.17,0.97
7276578,0.37,-3.86,8.61,-0.08,-0.11,-0.10,0.61,0.55,-341.45,0.15,-0.01,-0.21,0.97
7401578,0.41,-4.36,8.29,-0.12,0.08,-0.05,0.61,0.55,-341.45,0.15,-0.01,-0.24,0.96
7521578,0.53,-4.97,8.53,-0.02,-0.02,-0.30,0.61,0.55,-341.45,0.15,-0.02,-0.27,0.95
7626578,0.34,-4.85,8.22,-0.02,-0.09,0.18,0.61,0.55,-341.45,0.15,-0.03,-0.27,0.95
7746578,0.30,-5.23,7.91,0.05,0.18,-0.02,0.61,0.55,-341.45,0.15,-0.04,-0.29,0.94
7861578,0.07,-5.58,7.64,-0.05,0.08,-0.06,0.61,0.55,-341.45,0.15,-0.05,-0.31,0.94
7976578,0.03,-5.77,7.72,0.08,0.00,0.32,0.61,0.55,-341.45,0.16,-0.05,-0.32,0.93
8091578,0.03,-6.23,7.34,0.03,-0.05,-0.13,0.61,0.55,-341.45,0.16,-0.06,-0.33,0.93
8201578,0.22,-6.54,7.07,0.08,-0.03,0.15,0.61,0.55,-341.45,0.16,-0.05,-0.35,0.92
8336578,0.18,-6.73,6.92,0.20,-0.25,0.09,0.61,0.55,-341.45,0.16,-0.06,-0.38,0.91
8451578,0.14,-7.19,6.34,0.05,0.46,0.01,0.61,0.55,-341.45,0.16,-0.06,-0.40,0.90
8561578,0.30,-7.50,6.04,0.14,0.05,0.14,0.61,0.55,-339.11,0.16,-0.06,-0.42,0.89
8671578,0.41,-7.84,5.88,0.05,-0.07,0.25,0.61,0.55,-341.45,0.16,-0.06,-0.45,0.88
8781578,0.57,-8.07,5.54,0.04,-0.02,0.14,0.61,0.55,-341.45,0.16,-0.06,-0.47,0.87
8896578,0.68,-8.15,5.15,0.11,-0.03,-0.05,0.61,0.55,-341.45,0.16,-0.06,-0.48,0.86
9006578,0.68,-8.30,4.65,0.10,-0.02,-0.25,0.61,0.55,-341.45,0.16,-0.06,-0.49,0.85
9116578,0.68,-8.53,4.65,0.03,-0.09,0.30,0.61,0.55,-341.45,0.16,-0.06,-0.51,0.84
9216578,0.76,-8.61,4.58,0.13,0.03,0.04,0.61,0.55,-341.45,0.16,-0.06,-0.52,0.84
9326578,0.72,-8.76,4.31,0.08,-0.03,-0.08,0.61,0.55,-341.45,0.16,-0.06,-0.53,0.83
9451578,0.84,-8.76,4.08,0.09,-0.12,0.29,0.61,0.55,-341.45,0.15,-0.06,-0.54,0.82
9561578,0.87,-9.06,3.96,0.10,-0.20,0.53,0.61,0.55,-341.45,0.15,-0.05,-0.56,0.81
9671578,0.99,-9.14,3.35,0.11,-0.14,0.15,0.61,0.61,-341.45,0.15,-0.05,-0.57,0.80
9781578,0.99,-9.11,2.70,0.03,0.08,-0.18,0.61,0.55,-341.45,0.15,-0.05,-0.59,0.79
9896578,1.03,-9.30,2.62,0.05,-0.01,0.02,0.61,0.55,-343.79,0.14,-0.05,-0.60,0.78
10016578,1.07,-9.34,2.24,-0.08,-0.19,0.07,0.61,0.55,-341.45,0.14,-0.05,-0.62,0.77
10126578,1.29,-9.34,1.67,0.29,0.09,-0.17,0.61,0.55,-341.45,0.13,-0.04,-0.63,0.76
10236578,1.10,-9.37,1.32,-0.07,0.02,0.13,0.61,0.55,-341.45,0.13,-0.04,-0.65,0.75
10341578,0.95,-9.53,1.13,0.09,0.02,-0.02,0.61,0.55,-341.45,0.13,-0.05,-0.66,0.74
10441578,1.03,-9.48,1.17,0.04,0.14,0.07,0.61,0.55,-341.45,0.13,-0.05,-0.67,0.73
10551578,0.95,-9.68,1.17,-0.03,-0.16,0.03,0.61,0.55,-341.45,0.13,-0.06,-0.66,0.73
10656578,0.91,-9.56,1.02,0.07,0.02,-0.02,0.61,0.55,-341.45,0.13,-0.06,-0.66,0.73
10761578,1.03,-9.60,1.02,0.09,-0.05,-0.03,0.61,0.55,-341.45,0.13,-0.05,-0.66,0.73
10871578,0.99,-9.56,1.02,0.07,0.07,-0.13,0.61,0.55,-341.45,0.13,-0.05,-0.67,0.73
10976578,0.99,-9.56,1.02,-0.01,-0.05,-0.01,0.61,0.55,-343.79,0.13,-0.05,-0.67,0.73
11076578,0.99,-9.56,1.02,0.03,0.03,0.01,0.61,0.55,-341.45,0.13,-0.05,-0.67,0.73
11186578,1.10,-9.52,0.98,0.13,0.07,-0.02,0.61,0.55,-341.45,0.13,-0.05,-0.67,0.73
11286578,1.03,-9.64,1.02,0.04,-0.09,0.05,0.61,0.55,-341.45,0.13,-0.05,-0.67,0.73
11387100,1.03,-9.48,0.94,-0.03,0.06,0.00,0.61,0.55,-341.45,0.13,-0.05,-0.67,0.73
11496578,0.99,-9.57,0.94,0.05,-0.02,0.01,0.61,0.55,-341.45,0.13,-0.05,-0.67,0.73
11596578,1.03,-9.57,0.86,-0.07,0.01,-0.02,0.61,0.55,-341.45,0.13,-0.05,-0.67,0.73
11706578,1.07,-9.48,0.90,0.01,0.10,0.01,0.61,0.55,-341.45,0.13,-0.05,-0.67,0.73
11811578,1.07,-9.57,0.90,0.05,-0.02,0.00,0.61,0.55,-341.45,0.13,-0.05,-0.67,0.73
11916578,0.99,-9.61,0.94,-0.00,-0.06,0.09,0.67,0.55,-341.45,0.13,-0.05,-0.67,0.73
12011578,1.03,-9.52,0.86,-0.00,-0.02,-0.02,0.61,0.55,-341.45,0.13,-0.05,-0.67,0.73
12111578,1.03,-9.60,0.90,0.04,0.01,-0.03,0.61,0.55,-341.45,0.13,-0.05,-0.67,0.73
12211578,1.03,-9.49,0.90,-0.08,-0.01,0.01,0.61,0.55,-341.45,0.13,-0.05,-0.67,0.73
12306578,1.03,-9.57,0.86,0.03,-0.05,0.01,0.61,0.55,-341.45,0.13,-0.05,-0.67,0.73
12411578,1.10,-9.57,0.86,-0.01,0.07,-0.01,0.61,0.55,-341.45,0.13,-0.05,-0.67,0.73
12517086,0.99,-9.52,0.86,-0.05,-0.02,-0.02,0.61,0.55,-341.45,0.13,-0.05,-0.67,0.73
12621578,0.99,-9.57,0.86,-0.00,-0.02,0.02,0.61,0.55,-341.45,0.13,-0.05,-0.67,0.73
12727100,1.07,-9.52,0.90,0.00,0.02,0.01,0.61,0.55,-341.45,0.13,-0.05,-0.67,0.73
12831578,1.03,-9.53,0.90,0.04,-0.02,0.01,0.61,0.55,-341.45,0.13,-0.05,-0.67,0.73
12941578,1.03,-9.57,0.98,-0.04,-0.05,0.04,0.61,0.55,-341.45,0.13,-0.05,-0.67,0.73
13036578,1.03,-9.60,0.90,0.05,0.01,0.03,0.61,0.55,-341.45,0.13,-0.05,-0.67,0.73
13141578,1.03,-9.52,0.94,-0.03,0.02,-0.05,0.61,0.55,-341.45,0.13,-0.05,-0.67,0.73
13241578,0.84,-9.64,0.94,-0.07,-0.13,-0.07,0.61,0.55,-341.45,0.14,-0.05,-0.67,0.73
13347106,1.07,-9.53,0.86,-0.01,0.06,-0.02,0.61,0.55,-341.45,0.13,-0.05,-0.67,0.73
13451578,0.99,-9.52,0.98,0.03,-0.05,-0.02,0.61,0.55,-341.45,0.13,-0.05,-0.67,0.73
13556578,0.99,-9.53,0.90,0.04,0.02,-0.04,0.61,0.55,-343.79,0.13,-0.05,-0.67,0.73
13656578,0.99,-9.52,0.86,-0.01,-0.02,-0.04,0.61,0.55,-341.45,0.13,-0.05,-0.67,0.73
13751578,1.07,-9.56,0.86,0.02,0.02,-0.05,0.61,0.55,-341.45,0.13,-0.05,-0.67,0.73
13856578,1.10,-9.45,0.75,0.06,0.06,0.00,0.61,0.55,-341.45,0.13,-0.05,-0.67,0.73
13976578,0.76,-9.99,0.82,0.16,-0.05,-0.08,0.61,0.55,-341.45,0.13,-0.05,-0.67,0.73
14081578,1.07,-9.56,0.75,-0.00,-0.07,-0.07,0.61,0.55,-341.45,0.13,-0.05,-0.67,0.73
14196578,0.91,-9.56,0.90,-0.02,0.05,-0.13,0.61,0.55,-341.45,0.13,-0.05,-0.67,0.73
14301578,0.99,-9.56,0.82,-0.04,0.13,-0.03,0.61,0.55,-341.45,0.13,-0.05,-0.68,0.72
14401578,0.91,-9.60,0.55,0.00,-0.02,-0.24,0.61,0.55,-341.45,0.13,-0.05,-0.68,0.72
14511578,0.95,-9.56,0.71,-0.04,0.08,-0.14,0.61,0.55,-341.45,0.13,-0.05,-0.68,0.72
14621578,1.03,-9.52,0.75,-0.00,-0.05,-0.12,0.61,0.55,-339.11,0.13,-0.05,-0.68,0.72
14731578,0.99,-9.60,0.90,0.07,-0.05,-0.10,0.61,0.55,-341.45,0.13,-0.05,-0.68,0.72
14836578,1.07,-9.53,0.71,-0.02,-0.05,0.07,0.61,0.55,-341.45,0.13,-0.05,-0.68,0.72
14941578,0.95,-9.53,0.59,-0.02,-0.05,0.07,0.61,0.55,-341.45,0.13,-0.05,-0.68,0.72
15051578,0.95,-9.75,0.67,0.00,-0.20,0.16,0.61,0.55,-341.45,0.13,-0.05,-0.68,0.72
15136578,1.03,-9.30,0.40,0.01,-0.04,0.01,0.61,0.55,-341.45,0.13,-0.05,-0.68,0.72
15241578,1.03,-9.79,0.90,-0.01,0.18,-0.27,0.61,0.55,-341.45,0.13,-0.05,-0.68,0.72
15341578,1.10,-9.53,0.44,0.05,0.15,-0.19,0.61,0.55,-341.45,0.13,-0.05,-0.68,0.72
15456578,1.03,-9.52,0.59,0.09,-0.04,0.23,0.61,0.55,-341.45,0.13,-0.05,-0.68,0.72
15556578,1.10,-9.52,0.71,-0.01,0.04,-0.20,0.61,0.55,-341.45,0.13,-0.05,-0.68,0.72
15656578,1.07,-9.49,0.71,-0.02,0.03,0.02,0.61,0.55,-341.45,0.13,-0.05,-0.68,0.72
15766578,1.07,-9.64,0.86,0.05,-0.09,0.09,0.61,0.55,-343.79,0.13,-0.05,-0.68,0.72
15861578,1.10,-9.72,0.67,0.05,0.03,-0.15,0.61,0.55,-341.45,0.13,-0.05,-0.68,0.72
15967238,1.14,-9.49,0.79,0.05,0.03,0.09,0.61,0.55,-341.45,0.13,-0.04,-0.68,0.72
16077186,1.14,-9.56,0.75,0.07,-0.09,-0.09,0.61,0.55,-341.45,0.13,-0.04,-0.68,0.72
16191578,1.14,-9.64,0.59,0.12,-0.01,-0.10,0.61,0.55,-341.45,0.13,-0.04,-0.68,0.72
16291578,1.10,-9.48,0.86,-0.02,0.11,0.20,0.61,0.55,-341.45,0.13,-0.04,-0.68,0.72
16396578,1.14,-9.53,0.75,-0.07,-0.05,-0.19,0.61,0.55,-341.45,0.13,-0.04,-0.68,0.72
16506578,1.03,-9.57,0.75,-0.07,0.03,-0.02,0.61,0.55,-343.79,0.13,-0.04,-0.68,0.72
16621578,1.14,-9.57,0.82,-0.02,-0.01,0.05,0.61,0.55,-341.45,0.13,-0.04,-0.68,0.72
16726578,1.10,-9.57,0.86,-0.04,-0.01,0.00,0.61,0.55,-341.45,0.13,-0.04,-0.68,0.72
16841578,1.10,-9.53,0.82,0.00,-0.02,-0.00,0.61,0.55,-341.45,0.13,-0.05,-0.67,0.72
16947384,1.18,-9.57,0.82,0.00,-0.01,-0.00,0.61,0.55,-343.79,0.13,-0.05,-0.67,0.72
17051578,1.18,-9.53,0.79,0.12,0.05,0.25,0.61,0.55,-341.45,0.13,-0.05,-0.68,0.72
17156895,1.07,-9.68,0.59,0.00,0.04,-0.01,0.61,0.55,-341.45,0.13,-0.05,-0.68,0.72
17266578,1.07,-9.57,0.48,-0.04,0.08,-0.03,0.61,0.55,-343.79,0.13,-0.05,-0.68,0.72
17387404,1.18,-9.53,-0.02,0.09,-0.02,0.00,0.61,0.55,-341.45,0.13,-0.04,-0.70,0.70
17502175,1.22,-9.64,-0.10,0.00,0.01,0.20,0.61,0.55,-341.45,0.13,-0.04,-0.72,0.68
17606578,1.18,-9.64,-0.82,0.08,-0.04,0.11,0.61,0.55,-341.45,0.13,-0.04,-0.72,0.68
17711578,1.26,-9.60,-0.90,0.02,-0.05,0.02,0.61,0.55,-341.45,0.13,-0.04,-0.72,0.68
17826578,1.64,-9.64,-0.71,-0.91,0.89,-1.43,0.61,0.55,-341.45,0.13,-0.05,-0.74,0.66
17941578,1.07,-9.56,-1.44,-0.24,-0.07,-0.25,0.61,0.55,-341.45,0.14,-0.06,-0.75,0.65
18057159,1.52,-9.72,-1.93,0.29,-0.32,-0.07,0.61,0.55,-341.45,0.15,-0.07,-0.76,0.63
18171578,1.95,-8.95,-1.70,0.00,-0.21,0.14,0.61,0.55,-341.45,0.20,-0.08,-0.77,0.60
18281590,2.71,-8.72,-2.43,0.44,0.22,0.73,0.61,0.55,-341.45,0.21,-0.09,-0.79,0.56
18386578,2.33,-8.60,-3.05,0.29,0.02,0.39,0.61,0.55,-341.45,0.20,-0.10,-0.81,0.54
18511578,1.95,-8.64,-3.85,-0.05,0.07,-0.04,0.61,0.55,-341.45,0.19,-0.10,-0.83,0.52
18606578,1.56,-8.68,-4.23,-0.10,-0.03,-0.13,0.61,0.55,-341.45,0.17,-0.10,-0.83,0.51
18731578,1.14,-8.54,-4.85,-0.07,0.12,-0.28,0.61,0.61,-341.45,0.14,-0.11,-0.85,0.49
18837571,0.99,-8.07,-5.69,0.10,0.02,0.05,0.61,0.55,-341.45,0.14,-0.11,-0.87,0.47
18951578,1.18,-7.73,-5.42,0.06,0.12,0.09,0.61,0.55,-341.45,0.12,-0.12,-0.88,0.44
19076578,1.07,-7.50,-6.19,0.13,0.14,-0.11,0.55,0.55,-341.45,0.11,-0.12,-0.89,0.43
19186646,1.07,-7.19,-6.38,0.12,0.07,0.00,0.61,0.55,-341.45,0.11,-0.12,-0.90,0.40
19301578,0.87,-6.80,-7.34,0.02,-0.19,-0.20,0.61,0.55,-341.45,0.11,-0.13,-0.92,0.36
19406675,0.84,-6.08,-7.72,0.02,0.14,-0.24,0.61,0.55,-339.11,0.09,-0.13,-0.93,0.33
19527793,1.22,-5.12,-8.45,-0.07,0.11,0.06,0.61,0.55,-341.45,0.08,-0.14,-0.95,0.26
19646578,1.10,-3.70,-9.05,0.22,0.25,0.36,0.61,0.55,-341.45,0.07,-0.14,-0.97,0.20
19747083,0.68,-2.71,-9.29,0.16,-0.05,-0.70,0.55,0.55,-341.45,0.07,-0.15,-0.97,0.16
19866578,0.95,-1.79,-9.41,0.21,0.17,0.02,0.61,0.55,-341.45,0.06,-0.17,-0.98,0.10
19967072,0.80,-1.18,-9.86,0.05,0.45,-0.32,0.61,0.55,-341.45,0.05,-0.17,-0.98,0.07
20096662,0.61,-0.91,-10.05,0.03,-0.02,-0.32,0.61,0.55,-341.45,0.04,-0.17,-0.98,0.04
20217088,0.61,-0.25,-10.32,-0.08,-0.21,-0.91,0.61,0.55,-341.45,0.03,-0.17,-0.99,0.01
20326958,0.41,0.43,-8.99,0.25,0.33,0.94,0.61,0.55,-341.45,0.01,-0.16,-0.99,-0.02
20446578,0.41,0.05,-10.60,-0.38,-0.21,-0.99,0.67,0.55,-343.79,0.03,-0.16,-0.99,-0.02
20556758,0.87,-0.10,-9.79,0.18,-0.01,-0.10,0.61,0.55,-341.45,0.04,-0.16,-0.99,-0.01
20666865,0.80,-0.45,-10.02,0.05,0.10,-0.51,0.61,0.55,-343.79,0.04,-0.16,-0.99,0.02
20776767,0.84,-0.45,-9.86,0.05,0.08,-0.12,0.61,0.55,-341.45,0.05,-0.16,-0.99,0.02
20886578,0.76,-0.45,-9.90,0.03,0.05,-0.07,0.61,0.55,-341.45,0.04,-0.16,-0.99,0.02
21006578,0.76,-0.52,-9.98,0.03,0.12,-0.25,0.61,0.55,-341.45,0.04,-0.16,-0.99,0.02
21121578,0.68,-0.56,-9.68,0.11,0.13,-0.22,0.61,0.55,-341.45,0.04,-0.16,-0.99,0.02
21236908,0.68,-0.56,-10.09,-0.03,-0.05,-0.16,0.61,0.55,-341.45,0.04,-0.15,-0.99,0.02
21341578,0.57,-0.41,-10.06,-0.20,0.08,0.10,0.61,0.55,-341.45,0.03,-0.15,-0.99,0.02
21457107,0.57,-0.37,-10.06,-0.01,0.07,0.07,0.61,0.55,-341.45,0.03,-0.15,-0.99,0.02
21561578,0.61,-0.37,-9.98,-0.09,-0.13,0.01,0.61,0.55,-343.79,0.03,-0.15,-0.99,0.02
21686578,0.45,-0.29,-10.02,0.18,0.02,0.03,0.67,0.55,-341.45,0.03,-0.15,-0.99,0.01
21787028,0.45,-0.18,-9.94,-0.03,0.00,0.04,0.61,0.55,-341.45,0.03,-0.15,-0.99,0.01
21897148,0.41,-0.18,-10.02,-0.13,0.01,0.03,0.61,0.55,-341.45,0.03,-0.15,-0.99,0.01
22001578,0.41,-0.14,-9.98,-0.02,-0.02,0.04,0.61,0.55,-341.45,0.02,-0.15,-0.99,0.01
22106578,0.37,-0.33,-9.82,-0.02,0.00,0.10,0.61,0.55,-341.45,0.02,-0.15,-0.99,0.01
22217078,0.34,-0.25,-9.90,-0.06,-0.02,0.07,0.61,0.55,-341.45,0.02,-0.15,-0.99,0.01
22316578,0.49,-0.22,-9.86,0.05,0.05,0.07,0.61,0.55,-341.45,0.02,-0.15,-0.99,0.01
22431578,0.34,-0.22,-9.98,-0.12,0.01,-0.05,0.61,0.55,-341.45,0.03,-0.15,-0.99,0.01
22546578,0.18,-0.18,-9.82,0.06,0.05,0.17,0.61,0.55,-341.45,0.02,-0.15,-0.99,0.01
22641578,0.41,-0.71,-10.02,0.16,-0.29,-0.10,0.67,0.55,-341.45,0.02,-0.15,-0.99,0.02
22757084,0.34,-0.48,-9.94,0.00,-0.06,0.00,0.61,0.55,-341.45,0.02,-0.15,-0.99,0.02
22856578,0.30,-0.37,-10.09,-0.05,0.07,-0.08,0.61,0.55,-341.45,0.02,-0.15,-0.99,0.02
22966578,0.37,-0.33,-9.79,-0.02,-0.03,0.16,0.61,0.55,-341.45,0.03,-0.15,-0.99,0.01
23077173,0.57,-0.25,-9.86,0.21,0.13,0.00,0.61,0.55,-341.45,0.02,-0.15,-0.99,0.01
23186578,0.80,-0.56,-10.56,0.51,-0.64,0.34,0.61,0.55,-341.45,0.03,-0.15,-0.99,0.02
23296578,0.76,-0.68,-10.13,0.09,-0.18,-0.17,0.61,0.55,-341.45,0.03,-0.15,-0.99,0.02
23406578,0.53,-0.18,-9.71,-0.14,0.04,0.17,0.61,0.55,-341.45,0.04,-0.15,-0.99,0.01
23521578,0.18,-0.10,-10.60,0.51,-0.28,-0.12,0.61,0.55,-341.45,0.03,-0.15,-0.99,0.01
23646578,0.34,0.05,-10.17,0.15,-0.33,0.00,0.61,0.55,-341.45,0.02,-0.15,-0.99,-0.01
23761578,0.49,1.20,-9.71,0.09,0.16,0.20,0.61,0.55,-341.45,0.01,-0.15,-0.99,-0.05
23877282,0.57,1.96,-9.41,-0.03,-0.06,0.34,0.61,0.61,-341.45,0.01,-0.15,-0.99,-0.06
23977608,0.57,2.81,-9.67,0.07,-0.06,-0.29,0.61,0.55,-341.45,0.01,-0.15,-0.98,-0.13
24086578,0.64,3.34,-9.52,-0.05,-0.07,-0.14,0.61,0.55,-341.45,0.01,-0.14,-0.97,-0.18
24196578,0.68,4.00,-9.41,0.01,-0.05,-0.43,0.61,0.55,-341.45,0.01,-0.14,-0.97,-0.20
24317168,0.84,4.69,-9.06,0.03,-0.10,-0.42,0.61,0.55,-341.45,0.00,-0.14,-0.96,-0.24
24411578,0.76,5.41,-8.75,-0.37,-0.19,-0.96,0.61,0.55,-341.45,0.00,0.13,0.95,0.28
24536578,0.64,5.99,-7.68,-0.16,-0.11,-0.04,0.61,0.55,-341.45,0.01,0.13,0.93,0.34
24646578,0.64,6.60,-7.45,0.01,-0.20,-0.14,0.61,0.49,-341.45,0.02,0.13,0.92,0.37
24776578,0.57,7.29,-7.26,-0.13,-0.13,-0.54,0.61,0.55,-341.45,0.02,0.13,0.91,0.40
24901578,0.49,7.71,-7.11,0.13,0.02,-0.62,0.61,0.55,-341.45,0.03,0.13,0.89,0.43
25001578,0.57,7.83,-5.34,-0.03,-0.24,0.04,0.61,0.55,-341.45,0.04,0.13,0.87,0.47
25111578,0.45,8.86,-5.65,-0.02,-0.17,-0.39,0.61,0.55,-341.45,0.04,0.13,0.86,0.50
25221578,0.30,8.94,-5.27,-0.17,-0.30,-0.32,0.61,0.61,-341.45,0.05,0.13,0.84,0.52
25326578,0.22,9.13,-4.88,-0.12,0.17,-0.57,0.61,0.55,-341.45,0.06,0.13,0.83,0.54
25441578,0.34,8.94,-3.20,-0.03,-0.23,0.38,0.67,0.55,-341.45,0.06,0.12,0.81,0.56
25541578,0.26,8.90,-3.20,-0.11,-0.34,-0.60,0.61,0.55,-341.45,0.06,0.12,0.81,0.57
25651578,0.30,9.09,-3.58,-0.13,-0.33,-0.24,0.61,0.55,-341.45,0.06,0.13,0.81,0.57
25766578,0.34,9.78,-3.81,0.01,0.21,-0.32,0.61,0.55,-341.45,0.07,0.12,0.80,0.58
25881578,0.30,9.13,-3.54,-0.04,-0.05,-0.59,0.61,0.55,-341.45,0.07,0.13,0.80,0.58
25997117,0.03,9.40,-3.54,0.02,-0.01,-0.31,0.61,0.55,-341.45,0.08,0.13,0.80,0.58
26101578,0.18,9.20,-3.81,0.09,-0.01,-0.13,0.61,0.55,-341.45,0.08,0.13,0.81,0.57
26236578,-0.01,9.28,-3.62,-0.02,-0.08,-0.34,0.61,0.55,-341.45,0.09,0.13,0.80,0.57
26341578,-0.16,9.28,-3.62,0.04,-0.11,-0.37,0.61,0.55,-341.45,0.09,0.13,0.80,0.58
26457882,-0.20,9.51,-3.50,-0.05,0.02,-0.23,0.61,0.55,-341.45,0.10,0.13,0.80,0.58
26566578,-0.12,9.51,-3.20,0.02,-0.07,0.00,0.61,0.55,-341.45,0.09,0.12,0.79,0.59
26696750,-0.05,9.59,-3.24,0.01,-0.00,-0.09,0.61,0.55,-341.45,0.09,0.12,0.79,0.59
26816578,-0.12,9.82,-3.05,-0.21,0.20,0.08,0.61,0.55,-341.45,0.09,0.12,0.79,0.60
26926578,0.14,9.48,-2.55,-0.13,-0.18,-0.13,0.61,0.55,-341.45,0.08,0.12,0.78,0.61
27046933,0.34,9.55,-3.85,-0.07,-0.41,0.54,0.61,0.55,-341.45,0.07,0.12,0.78,0.61
27166578,0.45,9.51,-2.78,0.05,0.01,-0.30,0.61,0.55,-341.45,0.07,0.12,0.78,0.61
27291578,0.41,9.59,-2.51,0.04,0.00,-0.29,0.61,0.55,-341.45,0.07,0.12,0.78,0.61
27426578,0.26,9.09,-0.94,0.08,-0.32,1.33,0.61,0.55,-341.45,0.08,0.11,0.78,0.62
27541578,-0.16,9.82,-2.39,-0.25,-0.11,0.79,0.61,0.55,-339.11,0.07,0.10,0.78,0.61
27681578,0.07,9.86,-2.59,-0.10,0.02,-0.20,0.61,0.55,-341.45,0.07,0.09,0.78,0.62
27801578,0.07,10.09,-3.35,0.02,-0.02,-0.39,0.61,0.55,-341.45,0.07,0.09,0.78,0.62
27936578,0.07,9.79,-2.16,0.11,0.12,0.18,0.61,0.55,-341.45,0.07,0.09,0.78,0.61
28056578,-0.24,9.40,-2.62,0.29,0.54,0.44,0.61,0.55,-341.45,0.07,0.09,0.78,0.62
28181578,-0.09,9.55,-1.44,-0.07,-0.34,0.41,0.61,0.55,-341.45,0.08,0.09,0.76,0.64
28301578,-0.09,9.82,-1.70,0.06,0.18,-0.25,0.55,0.55,-341.45,0.09,0.09,0.75,0.65
28426578,-0.09,9.93,-1.25,0.07,0.16,-0.30,0.61,0.55,-341.45,0.10,0.10,0.73,0.67
28547895,-0.89,10.36,-0.32,-0.57,0.30,-0.39,0.61,0.55,-341.45,0.10,0.09,0.70,0.70
28691578,0.18,9.82,0.79,0.11,-0.09,-0.39,0.61,0.55,-341.45,0.12,0.11,0.66,0.74
28806578,0.26,8.98,2.47,-0.03,-0.58,0.03,0.61,0.55,-341.45,0.11,0.10,0.62,0.77
28946935,0.68,9.55,2.39,0.32,-0.10,-0.50,0.61,0.55,-341.45,0.13,0.11,0.59,0.79
29056578,0.41,9.16,2.78,0.04,0.04,-0.96,0.61,0.55,-341.45,0.14,0.11,0.56,0.81
29186578,0.49,8.40,3.73,0.54,-0.46,-0.49,0.61,0.55,-341.45,0.15,0.10,0.53,0.83
29306913,-0.51,8.14,4.92,-0.02,-0.86,0.31,0.61,0.55,-341.45,0.17,0.08,0.50,0.84
29426578,-0.39,8.02,4.81,0.00,-0.51,-0.16,0.61,0.55,-341.45,0.19,0.08,0.48,0.85
29546578,-0.54,7.98,5.15,0.18,-0.03,-0.38,0.61,0.61,-341.45,0.21,0.07,0.46,0.86
29681578,-0.73,7.94,5.34,0.14,-0.24,-0.27,0.61,0.55,-341.45,0.21,0.07,0.46,0.86
29817029,-0.58,7.71,5.57,0.11,-0.43,0.16,0.61,0.55,-341.45,0.22,0.07,0.46,0.86
29931578,-0.54,7.33,6.76,0.19,-0.69,1.11,0.61,0.55,-341.45,0.22,0.07,0.45,0.86
30056578,-0.58,7.25,6.53,-0.04,-0.46,0.72,0.61,0.55,-341.45,0.21,0.07,0.43,0.87
30177109,-0.58,5.57,8.98,-0.40,-1.57,4.10,0.61,0.55,-341.45,0.21,0.06,0.38,0.90
30271578,-0.20,5.61,7.38,0.27,-1.66,0.92,0.61,0.55,-341.45,0.19,0.04,0.34,0.92
30401578,-0.51,7.75,2.70,0.02,0.78,-1.36,0.61,0.55,-341.45,0.17,0.04,0.31,0.93
30516578,0.18,3.77,8.45,0.02,-0.64,0.42,0.61,0.55,-343.79,0.18,0.06,0.25,0.95
30631578,0.80,3.08,9.17,0.20,-0.67,0.24,0.61,0.55,-341.45,0.16,0.07,0.19,0.97
30757098,1.03,2.89,9.67,0.04,-0.28,0.34,0.61,0.55,-341.45,0.15,0.07,0.15,0.98
30856578,0.95,2.12,9.52,-0.03,0.14,0.10,0.61,0.55,-341.45,0.13,0.07,0.11,0.98
30961578,1.14,1.09,9.68,0.16,-0.20,0.07,0.61,0.55,-341.45,0.12,0.07,0.08,0.99
31096578,1.18,0.89,9.86,0.12,-0.23,0.05,0.61,0.55,-341.45,0.11,0.06,0.06,0.99
31211578,1.03,0.24,9.21,-0.08,-0.23,-0.00,0.61,0.55,-341.45,0.09,0.06,0.04,0.99
31326578,1.14,0.28,9.68,-0.06,-0.52,-0.00,0.61,0.55,-341.45,0.08,0.06,0.02,0.99
31431578,1.18,0.78,9.52,-0.25,-0.05,-0.46,0.61,0.55,-341.45,0.08,0.07,0.02,0.99
31557106,1.18,-0.06,9.86,-0.02,-0.52,0.11,0.61,0.55,-341.45,0.08,0.07,0.01,0.99
31681578,0.91,0.05,9.75,-0.26,-0.25,-0.44,0.61,0.55,-339.11,0.09,0.05,0.01,0.99
31821578,1.18,-0.33,10.32,0.49,-0.23,1.10,0.61,0.49,-341.45,0.11,0.05,0.00,0.99
31936578,1.33,-0.75,9.52,0.57,-1.29,0.98,0.61,0.55,-341.45,0.12,0.05,-0.02,0.99
32066578,0.41,-2.09,9.63,-0.24,-1.57,-0.37,0.61,0.55,-341.45,0.14,0.02,-0.04,0.99
32196578,0.41,-1.14,10.05,-0.02,-0.44,0.25,0.61,0.49,-341.45,0.15,0.01,-0.04,0.99
32321578,0.26,-0.75,9.68,-0.05,-0.11,0.01,0.61,0.55,-341.45,0.15,0.01,-0.03,0.99
32441578,0.18,-0.98,9.75,-0.15,-0.23,0.10,0.61,0.55,-341.45,0.15,0.01,-0.04,0.99
32576578,0.26,-1.10,9.68,-0.02,-0.24,0.10,0.61,0.55,-341.45,0.15,0.01,-0.04,0.99
32696578,0.26,-0.75,9.82,-0.00,0.13,0.16,0.61,0.55,-341.45,0.16,0.01,-0.04,0.99
32836578,0.30,-0.95,9.44,0.05,0.01,-0.15,0.55,0.55,-341.45,0.16,0.01,-0.04,0.99
32956578,0.30,-0.91,9.67,0.10,0.18,-0.01,0.61,0.55,-343.79,0.16,0.01,-0.05,0.99
33066578,0.26,-1.02,9.55,0.02,-0.09,-0.07,0.61,0.55,-341.45,0.16,0.01,-0.05,0.99
33186902,0.30,-0.98,9.60,-0.05,-0.03,-0.03,0.61,0.55,-341.45,0.16,0.01,-0.05,0.99
33316578,0.41,-0.98,9.48,0.01,-0.09,0.09,0.61,0.55,-341.45,0.16,0.01,-0.05,0.99
33426578,0.45,-0.98,9.63,0.07,-0.08,0.01,0.61,0.55,-341.45,0.16,0.01,-0.05,0.99
33556578,0.34,-0.98,9.75,-0.02,0.00,0.05,0.61,0.55,-341.45,0.16,0.01,-0.05,0.99
33666578,0.53,-0.95,9.60,-0.02,0.00,0.05,0.61,0.55,-339.11,0.16,0.01,-0.05,0.99
33776578,0.57,-0.87,9.79,-0.02,0.00,0.05,0.61,0.55,-341.45,0.16,0.01,-0.05,0.99
33886578,0.26,-0.98,9.60,-0.02,0.00,0.05,0.61,0.55,-341.45,0.16,0.02,-0.04,0.99
34006578,0.95,-0.03,9.13,0.39,0.32,-0.24,0.61,0.55,-341.45,0.15,0.03,-0.03,0.99
34111578,0.14,-0.68,9.33,0.39,0.32,-0.24,0.55,0.55,-341.45,0.15,0.02,-0.03,0.99
34226578,0.68,-0.64,9.21,1.11,0.31,-0.48,0.61,0.49,-341.45,0.15,0.01,-0.04,0.99
34346578,0.57,-0.64,12.86,-1.75,-0.02,0.04,0.73,0.55,-341.45,0.15,0.03,-0.06,0.99
34456913,-1.81,-0.52,7.48,3.72,6.33,3.30,0.67,0.61,-341.45,0.11,0.04,-0.00,0.99
34571578,-0.16,-1.02,7.56,1.16,0.26,0.89,0.61,0.55,-341.45,0.16,0.04,-0.03,0.99
34691578,2.41,-0.56,11.59,0.93,0.76,0.51,0.61,0.55,-341.45,0.16,0.06,-0.06,0.98
34806578,2.64,0.17,10.21,-0.73,1.08,-0.04,0.61,0.55,-341.45,0.21,0.03,-0.08,0.97
34916578,2.10,-3.70,8.79,1.86,-1.57,-1.27,0.61,0.55,-343.79,0.28,0.02,-0.09,0.96
35031578,2.90,-4.93,12.16,2.08,-1.95,6.32,0.61,0.55,-341.45,0.27,-0.00,-0.19,0.94
35161578,0.14,-3.74,8.53,0.10,-0.35,0.66,0.61,0.55,-341.45,0.37,-0.04,-0.14,0.92
